{"gradients/fc2.bias": {"_type": "histogram", "values": [1.0, 0.0, 0.0, 0.0, 0.0, 0.0, 0.0, 0.0, 0.0, 0.0, 0.0, 0.0, 0.0, 0.0, 0.0, 0.0, 0.0, 0.0, 0.0, 0.0, 0.0, 0.0, 0.0, 0.0, 0.0, 0.0, 0.0, 0.0, 0.0, 0.0, 0.0, 0.0, 0.0, 2.0, 1.0, 0.0, 0.0, 0.0, 0.0, 0.0, 0.0, 0.0, 0.0, 0.0, 0.0, 0.0, 0.0, 0.0, 0.0, 0.0, 0.0, 0.0, 0.0, 0.0, 0.0, 0.0, 0.0, 0.0, 0.0, 0.0, 0.0, 0.0, 0.0, 1.0], "bins": [-0.02575966715812683, -0.024980098009109497, -0.024200528860092163, -0.02342095971107483, -0.022641390562057495, -0.02186182141304016, -0.021082252264022827, -0.020302683115005493, -0.01952311396598816, -0.018743544816970825, -0.01796397566795349, -0.017184406518936157, -0.016404837369918823, -0.01562526822090149, -0.01484569814056158, -0.014066128991544247, -0.013286559842526913, -0.012506990693509579, -0.011727421544492245, -0.01094785239547491, -0.010168283246457577, -0.009388714097440243, -0.008609144948422909, -0.007829575799405575, -0.0070500061847269535, -0.0062704370357096195, -0.0054908678866922855, -0.0047112987376749516, -0.00393172912299633, -0.00315216020680964, -0.0023725908249616623, -0.0015930216759443283, -0.0008134525269269943, -3.3883319701999426e-05, 0.0007456858875229955, 0.0015252551529556513, 0.0023048243019729853, 0.0030843934509903193, 0.003863962832838297, 0.004643531981855631, 0.005423101130872965, 0.006202670279890299, 0.006982239428907633, 0.007761808577924967, 0.008541378192603588, 0.009320947341620922, 0.010100516490638256, 0.01088008563965559, 0.011659654788672924, 0.012439223937690258, 0.013218793086707592, 0.013998362235724926, 0.01477793138474226, 0.015557500533759594, 0.016337070614099503, 0.017116639763116837, 0.01789620891213417, 0.018675778061151505, 0.01945534721016884, 0.020234916359186172, 0.021014485508203506, 0.02179405465722084, 0.022573623806238174, 0.02335319295525551, 0.024132762104272842]}, "_timestamp": 1749986663.469477, "gradients/fc2.weight": {"_type": "histogram", "values": [1.0, 0.0, 1.0, 0.0, 0.0, 1.0, 0.0, 0.0, 0.0, 2.0, 0.0, 0.0, 0.0, 0.0, 0.0, 2.0, 1.0, 0.0, 2.0, 0.0, 0.0, 0.0, 2.0, 3.0, 2.0, 4.0, 5.0, 3.0, 2.0, 3.0, 2.0, 4.0, 9.0, 9.0, 1171.0, 6.0, 4.0, 2.0, 8.0, 5.0, 5.0, 1.0, 2.0, 1.0, 0.0, 3.0, 1.0, 1.0, 3.0, 1.0, 0.0, 1.0, 0.0, 2.0, 0.0, 0.0, 2.0, 0.0, 0.0, 1.0, 1.0, 0.0, 0.0, 1.0], "bins": [-0.14474914968013763, -0.14050260186195374, -0.13625603914260864, -0.13200949132442474, -0.12776292860507965, -0.12351637333631516, -0.11926981806755066, -0.11502326279878616, -0.11077670753002167, -0.10653015971183777, -0.10228360444307327, -0.09803704917430878, -0.09379049390554428, -0.08954393863677979, -0.08529738336801529, -0.0810508280992508, -0.0768042728304863, -0.0725577175617218, -0.0683111622929573, -0.06406460702419281, -0.059818051755428314, -0.05557150021195412, -0.05132494494318962, -0.047078389674425125, -0.04283183440566063, -0.03858527913689613, -0.03433872386813164, -0.03009217046201229, -0.025845615193247795, -0.0215990599244833, -0.017352506518363953, -0.013105951249599457, -0.008859395980834961, -0.004612841177731752, -0.00036628637462854385, 0.0038802684284746647, 0.008126823231577873, 0.012373378500342369, 0.016619931906461716, 0.02086648717522621, 0.025113042443990707, 0.029359597712755203, 0.0336061529815197, 0.037852708250284195, 0.04209925979375839, 0.04634581506252289, 0.050592370331287384, 0.05483892560005188, 0.059085480868816376, 0.06333203613758087, 0.06757859140634537, 0.07182514667510986, 0.07607170194387436, 0.08031825721263885, 0.08456481248140335, 0.08881136775016785, 0.09305791556835175, 0.09730447083711624, 0.10155102610588074, 0.10579758137464523, 0.11004413664340973, 0.11429069191217422, 0.11853724718093872, 0.12278380244970322, 0.1270303577184677]}, "gradients/fc1.bias": {"_type": "histogram", "values": [1.0, 0.0, 0.0, 0.0, 0.0, 0.0, 0.0, 1.0, 2.0, 4.0, 0.0, 1.0, 0.0, 2.0, 2.0, 1.0, 1.0, 0.0, 0.0, 1.0, 225.0, 0.0, 3.0, 2.0, 1.0, 0.0, 1.0, 0.0, 0.0, 1.0, 0.0, 1.0, 3.0, 0.0, 1.0, 0.0, 0.0, 0.0, 0.0, 0.0, 1.0, 0.0, 0.0, 0.0, 0.0, 0.0, 0.0, 0.0, 0.0, 0.0, 0.0, 0.0, 0.0, 0.0, 0.0, 0.0, 0.0, 0.0, 0.0, 0.0, 0.0, 0.0, 0.0, 1.0], "bins": [-0.023414602503180504, -0.02225550450384617, -0.021096408367156982, -0.019937310367822647, -0.018778212368488312, -0.017619114369153976, -0.01646001636981964, -0.015300920233130455, -0.01414182223379612, -0.012982724234461784, -0.011823627166450024, -0.010664530098438263, -0.009505432099103928, -0.008346334099769592, -0.007187237031757832, -0.0060281394980847836, -0.0048690419644117355, -0.0037099444307386875, -0.0025508468970656395, -0.0013917493633925915, -0.00023265182971954346, 0.0009264457039535046, 0.0020855432376265526, 0.0032446407712996006, 0.004403738304972649, 0.005562835838645697, 0.006721933372318745, 0.007881030440330505, 0.00904012843966484, 0.010199226438999176, 0.011358323507010937, 0.012517420575022697, 0.013676516711711884, 0.014835614711046219, 0.015994712710380554, 0.01715380884706974, 0.018312906846404076, 0.01947200484573841, 0.020631100982427597, 0.021790198981761932, 0.022949296981096268, 0.024108394980430603, 0.02526749297976494, 0.026426589116454124, 0.02758568711578846, 0.028744785115122795, 0.02990388125181198, 0.031062979251146317, 0.03222207725048065, 0.03338117524981499, 0.03454027324914932, 0.03569937124848366, 0.03685846924781799, 0.03801756352186203, 0.039176661521196365, 0.0403357595205307, 0.041494857519865036, 0.04265395551919937, 0.04381305351853371, 0.04497215151786804, 0.04613124579191208, 0.047290343791246414, 0.04844944179058075, 0.049608539789915085, 0.05076763778924942]}, "gradients/fc1.weight": {"_type": "histogram", "values": [2.0, 1.0, 5.0, 1.0, 4.0, 11.0, 19.0, 20.0, 41.0, 54.0, 70.0, 107.0, 146.0, 231.0, 420.0, 643.0, 1111.0, 1774.0, 2560.0, 3529.0, 4933.0, 7906.0, 4054192.0, 6806.0, 3896.0, 2215.0, 1492.0, 1028.0, 778.0, 517.0, 338.0, 212.0, 164.0, 134.0, 85.0, 75.0, 60.0, 59.0, 50.0, 39.0, 31.0, 48.0, 31.0, 32.0, 25.0, 17.0, 20.0, 12.0, 13.0, 5.0, 9.0, 12.0, 7.0, 5.0, 2.0, 0.0, 1.0, 0.0, 0.0, 1.0, 0.0, 0.0, 0.0, 1.0], "bins": [-0.004195619840174913, -0.0040069702081382275, -0.003818320808932185, -0.0036296711768954992, -0.003441021777689457, -0.003252372145652771, -0.003063722513616085, -0.0028750731144100428, -0.002686423482373357, -0.002497773850336671, -0.0023091244511306286, -0.0021204748190939426, -0.0019318253034725785, -0.0017431757878512144, -0.0015545261558145285, -0.0013658766401931643, -0.0011772271245718002, -0.0009885776089504361, -0.0007999280351214111, -0.0006112784612923861, -0.00042262894567102194, -0.00023397940094582736, -4.532985622063279e-05, 0.00014331968850456178, 0.00033196923322975636, 0.0005206187488511205, 0.0007092683226801455, 0.0008979178965091705, 0.0010865674121305346, 0.0012752169277518988, 0.0014638665597885847, 0.0016525160754099488, 0.0018411660566926003, 0.002029815688729286, 0.0022184650879353285, 0.0024071147199720144, 0.0025957641191780567, 0.0027844137512147427, 0.0029730633832514286, 0.003161712782457471, 0.003350362414494157, 0.0035390120465308428, 0.003727661445736885, 0.003916311077773571, 0.004104960709810257, 0.004293610341846943, 0.0044822595082223415, 0.0046709091402590275, 0.004859558772295713, 0.005048208404332399, 0.005236858036369085, 0.005425507202744484, 0.00561415683478117, 0.005802806466817856, 0.005991456098854542, 0.006180105730891228, 0.006368755362927914, 0.006557404529303312, 0.006746054161339998, 0.006934703793376684, 0.00712335342541337, 0.007312003057450056, 0.007500652223825455, 0.007689301855862141, 0.007877951487898827]}, "gradients/conv2.weight": {"_type": "histogram", "values": [1.0, 1.0, 1.0, 1.0, 1.0, 0.0, 1.0, 2.0, 1.0, 5.0, 4.0, 12.0, 9.0, 5.0, 16.0, 19.0, 23.0, 26.0, 40.0, 51.0, 68.0, 83.0, 73.0, 93.0, 125.0, 23030.0, 222.0, 105.0, 83.0, 64.0, 70.0, 53.0, 53.0, 61.0, 53.0, 25.0, 21.0, 15.0, 8.0, 4.0, 7.0, 3.0, 6.0, 9.0, 6.0, 7.0, 5.0, 2.0, 0.0, 0.0, 0.0, 0.0, 0.0, 0.0, 0.0, 0.0, 0.0, 0.0, 0.0, 0.0, 1.0, 1.0, 0.0, 1.0],