{"gradients/fc2.bias": {"_type": "histogram", "values": [1.0, 0.0, 0.0, 0.0, 0.0, 0.0, 0.0, 0.0, 0.0, 1.0, 0.0, 0.0, 0.0, 0.0, 0.0, 0.0, 0.0, 0.0, 0.0, 1.0, 0.0, 0.0, 0.0, 1.0, 0.0, 0.0, 0.0, 0.0, 0.0, 0.0, 0.0, 0.0, 0.0, 0.0, 0.0, 0.0, 0.0, 0.0, 0.0, 0.0, 0.0, 0.0, 0.0, 0.0, 0.0, 0.0, 0.0, 0.0, 0.0, 0.0, 0.0, 0.0, 0.0, 0.0, 0.0, 0.0, 0.0, 0.0, 0.0, 0.0, 0.0, 0.0, 0.0, 1.0], "bins": [-0.03445464372634888, -0.032974254339933395, -0.031493864953517914, -0.030013475567102432, -0.02853308618068695, -0.02705269679427147, -0.025572307407855988, -0.024091918021440506, -0.022611528635025024, -0.021131139248609543, -0.01965074986219406, -0.01817036047577858, -0.016689971089363098, -0.015209581702947617, -0.013729192316532135, -0.012248802930116653, -0.010768413543701172, -0.00928802415728569, -0.007807634770870209, -0.006327245384454727, -0.004846855998039246, -0.003366466611623764, -0.0018860772252082825, -0.0004056878387928009, 0.0010747015476226807, 0.0025550909340381622, 0.004035480320453644, 0.005515869706869125, 0.006996259093284607, 0.008476648479700089, 0.00995703786611557, 0.011437427252531052, 0.012917812913656235, 0.014398202300071716, 0.015878591686487198, 0.01735898107290268, 0.01883937045931816, 0.020319759845733643, 0.021800149232149124, 0.023280538618564606, 0.024760928004980087, 0.02624131739139557, 0.02772170677781105, 0.029202096164226532, 0.030682485550642014, 0.032162874937057495, 0.03364326432347298, 0.03512365370988846, 0.03660404309630394, 0.03808443248271942, 0.0395648218691349, 0.041045211255550385, 0.042525600641965866, 0.04400599002838135, 0.04548637941479683, 0.04696676880121231, 0.04844715818762779, 0.049927547574043274, 0.051407936960458755, 0.05288832634687424, 0.05436871573328972, 0.0558491051197052, 0.05732949450612068, 0.05880988389253616, 0.060290273278951645]}, "_timestamp": 1749777333.3838782, "gradients/fc2.weight": {"_type": "histogram", "values": [1.0, 0.0, 0.0, 1.0, 2.0, 1.0, 0.0, 5.0, 2.0, 2.0, 4.0, 4.0, 7.0, 7.0, 2.0, 2.0, 4.0, 2.0, 13.0, 7.0, 12.0, 9.0, 1139.0, 18.0, 1.0, 1.0, 0.0, 0.0, 2.0, 3.0, 0.0, 2.0, 1.0, 5.0, 3.0, 5.0, 1.0, 0.0, 0.0, 0.0, 0.0, 0.0, 0.0, 1.0, 2.0, 0.0, 0.0, 0.0, 2.0, 2.0, 1.0, 0.0, 0.0, 0.0, 0.0, 1.0, 1.0, 0.0, 1.0, 0.0, 0.0, 0.0, 0.0, 1.0], "bins": [-0.32854899764060974, -0.3138663172721863, -0.2991836369037628, -0.28450095653533936, -0.2698182463645935, -0.25513556599617004, -0.24045288562774658, -0.22577020525932312, -0.21108752489089966, -0.1964048445224762, -0.18172216415405273, -0.16703946888446808, -0.15235678851604462, -0.13767410814762115, -0.1229914203286171, -0.10830873250961304, -0.09362605214118958, -0.07894337177276611, -0.06426068395376205, -0.049577999860048294, -0.034895315766334534, -0.020212631672620773, -0.005529947578907013, 0.009152736514806747, 0.023835420608520508, 0.03851810470223427, 0.05320078879594803, 0.06788347661495209, 0.08256615698337555, 0.09724883735179901, 0.11193152517080307, 0.12661421298980713, 0.14129692316055298, 0.15597960352897644, 0.1706622838973999, 0.18534497916698456, 0.20002765953540802, 0.21471033990383148, 0.22939303517341614, 0.2440757155418396, 0.25875839591026306, 0.2734410762786865, 0.28812375664711, 0.30280643701553345, 0.3174891471862793, 0.33217182755470276, 0.3468545079231262, 0.3615371882915497, 0.37621986865997314, 0.3909025490283966, 0.40558522939682007, 0.42026790976524353, 0.434950590133667, 0.44963330030441284, 0.4643159806728363, 0.47899866104125977, 0.4936813414096832, 0.5083640217781067, 0.5230467319488525, 0.5377293825149536, 0.5524120926856995, 0.5670947432518005, 0.5817774534225464, 0.5964601039886475, 0.6111428141593933]}, "gradients/fc1.bias": {"_type": "histogram", "values": [1.0, 0.0, 0.0, 0.0, 0.0, 0.0, 1.0, 2.0, 1.0, 1.0, 0.0, 0.0, 0.0, 1.0, 1.0, 2.0, 0.0, 1.0, 1.0, 2.0, 0.0, 0.0, 1.0, 0.0, 3.0, 220.0, 0.0, 0.0, 0.0, 1.0, 0.0, 0.0, 1.0, 1.0, 1.0, 0.0, 1.0, 1.0, 0.0, 0.0, 0.0, 2.0, 2.0, 1.0, 0.0, 0.0, 2.0, 1.0, 0.0, 1.0, 0.0, 0.0, 0.0, 1.0, 0.0, 0.0, 0.0, 0.0, 0.0, 0.0, 0.0, 1.0, 0.0, 1.0], "bins": [-0.004758366849273443, -0.004572626203298569, -0.0043868860229849815, -0.004201145377010107, -0.0040154047310352325, -0.0038296645507216454, -0.003643923904746771, -0.00345818349160254, -0.003272443078458309, -0.0030867026653140783, -0.0029009622521698475, -0.002715221606194973, -0.002529481193050742, -0.0023437407799065113, -0.002158000133931637, -0.001972259720787406, -0.0017865193076431751, -0.0016007788944989443, -0.0014150383649393916, -0.001229297835379839, -0.001043557422235608, -0.0008578169508837163, -0.0006720764795318246, -0.00048633600817993283, -0.0003005955368280411, -0.00011485506547614932, 7.088540587574244e-05, 0.0002566258772276342, 0.00044236634857952595, 0.0006281068199314177, 0.0008138472912833095, 0.0009995878208428621, 0.0011853277683258057, 0.0013710681814700365, 0.0015568087110295892, 0.0017425492405891418, 0.0019282896537333727, 0.0021140300668776035, 0.002299770712852478, 0.002485511125996709, 0.0026712515391409397, 0.0028569919522851706, 0.0030427323654294014, 0.003228473011404276, 0.0034142134245485067, 0.0035999538376927376, 0.003785694483667612, 0.003971434663981199, 0.004157175309956074, 0.004342915955930948, 0.0045286561362445354, 0.00471439678221941, 0.004900136962532997, 0.005085877608507872, 0.005271618254482746, 0.005457358434796333, 0.005643099080771208, 0.005828839726746082, 0.0060145799070596695, 0.006200320553034544, 0.0063860611990094185, 0.006571801379323006, 0.00675754202529788, 0.006943282205611467, 0.007129022851586342]}, "gradients/fc1.weight": {"_type": "histogram", "values": [125.0, 125.0, 249.0, 126.0, 125.0, 97.0, 279.0, 494.0, 953.0, 1059.0, 1044.0, 1094.0, 934.0, 1038.0, 1162.0, 1486.0, 1935.0, 1577.0, 2675.0, 3764.0, 2909.0, 3109.0, 3299.0, 4726.0, 48443.0, 3899646.0, 67232.0, 6620.0, 3680.0, 2320.0, 2578.0, 3701.0, 2605.0, 2632.0, 1727.0, 1442.0, 1445.0, 2211.0, 1642.0, 1352.0, 2263.0, 1617.0, 958.0, 738.0, 949.0, 878.0, 779.0, 644.0, 143.0, 391.0, 358.0, 384.0, 195.0, 412.0, 113.0, 145.0, 129.0, 369.0, 178.0, 172.0, 274.0, 126.0, 0.0, 125.0], "bins": [-0.0013922529760748148, -0.0013379489537328482, -0.0012836448149755597, -0.001229340792633593, -0.0011750367702916265, -0.0011207327479496598, -0.0010664286091923714, -0.0010121245868504047, -0.0009578205645084381, -0.0009035164839588106, -0.000849212403409183, -0.0007949083810672164, -0.0007406043005175889, -0.0006863002781756222, -0.0006319961976259947, -0.000577692175284028, -0.0005233880947344005, -0.0004690840432886034, -0.00041477999184280634, -0.00036047594039700925, -0.00030617188895121217, -0.0002518678084015846, -0.00019756375695578754, -0.00014325970550999045, -8.895565406419337e-05, -3.4651598980417475e-05, 1.9652456103358418e-05, 7.395651482511312e-05, 0.0001282605662709102, 0.0001825646177167073, 0.0002368686837144196, 0.0002911727351602167, 0.0003454767866060138, 0.00039978083805181086, 0.00045408488949760795, 0.0005083889700472355, 0.0005626929923892021, 0.0006169970729388297, 0.0006713010952807963, 0.0007256051758304238, 0.0007799091981723905, 0.000834213278722018, 0.0008885173592716455, 0.0009428213816136122, 0.0009971254039555788, 0.0010514295427128673, 0.0011057335650548339, 0.0011600375873968005, 0.001214341726154089, 0.0012686457484960556, 0.0013229497708380222, 0.0013772537931799889, 0.0014315579319372773, 0.001485861954279244, 0.0015401659766212106, 0.0015944699989631772, 0.0016487741377204657, 0.0017030781600624323, 0.001757382182404399, 0.0018116863211616874, 0.001865990343503654, 0.0019202943658456206, 0.001974598504602909, 0.0020289025269448757, 0.0020832065492868423]}, "gradients/conv2.weight": {"_type": "histogram",