{"gradients/fc2.bias": {"_type": "histogram", "values": [1.0, 0.0, 0.0, 0.0, 0.0, 0.0, 1.0, 0.0, 0.0, 0.0, 0.0, 0.0, 0.0, 0.0, 0.0, 0.0, 0.0, 0.0, 0.0, 0.0, 0.0, 0.0, 0.0, 0.0, 0.0, 0.0, 0.0, 0.0, 1.0, 0.0, 0.0, 0.0, 0.0, 0.0, 0.0, 0.0, 0.0, 0.0, 0.0, 0.0, 0.0, 0.0, 1.0, 0.0, 0.0, 0.0, 0.0, 0.0, 0.0, 0.0, 0.0, 0.0, 0.0, 0.0, 0.0, 0.0, 0.0, 0.0, 0.0, 0.0, 0.0, 0.0, 0.0, 1.0], "bins": [-0.017513558268547058, -0.016894914209842682, -0.016276270151138306, -0.01565762795507908, -0.015038983896374702, -0.014420339837670326, -0.01380169577896595, -0.013183052651584148, -0.012564408592879772, -0.011945764534175396, -0.011327121406793594, -0.010708477348089218, -0.010089833289384842, -0.00947119016200304, -0.008852546103298664, -0.008233902975916862, -0.007615258917212486, -0.006996615324169397, -0.0063779717311263084, -0.005759327672421932, -0.005140684079378843, -0.004522040486335754, -0.003903396660462022, -0.0032847528345882893, -0.0026661092415452003, -0.0020474656485021114, -0.0014288218226283789, -0.0008101781131699681, -0.0001915344037115574, 0.00042710930574685335, 0.001045753015205264, 0.0016643967246636748, 0.0022830404341220856, 0.0029016840271651745, 0.003520327853038907, 0.00413897167891264, 0.0047576152719557285, 0.0053762588649988174, 0.005994902923703194, 0.006613546516746283, 0.0072321901097893715, 0.007850834168493748, 0.00846947729587555, 0.009088121354579926, 0.009706765413284302, 0.010325408540666103, 0.01094405259937048, 0.011562695726752281, 0.012181339785456657, 0.012799983844161034, 0.013418626971542835, 0.014037271030247211, 0.014655914157629013, 0.01527455821633339, 0.015893202275037766, 0.01651184633374214, 0.017130490392446518, 0.017749132588505745, 0.01836777664721012, 0.018986420705914497, 0.019605064764618874, 0.02022370882332325, 0.020842351019382477, 0.021460995078086853, 0.02207963913679123]}, "_timestamp": 1749780581.7529528, "gradients/fc2.weight": {"_type": "histogram", "values": [1.0, 0.0, 0.0, 0.0, 0.0, 1.0, 0.0, 0.0, 1.0, 5.0, 2.0, 2.0, 5.0, 0.0, 3.0, 4.0, 3.0, 6.0, 7.0, 9.0, 4.0, 2.0, 5.0, 4.0, 13.0, 14.0, 1093.0, 16.0, 20.0, 5.0, 5.0, 8.0, 10.0, 4.0, 7.0, 3.0, 3.0, 0.0, 0.0, 1.0, 1.0, 2.0, 0.0, 2.0, 0.0, 1.0, 3.0, 0.0, 1.0, 1.0, 2.0, 0.0, 0.0, 0.0, 0.0, 0.0, 0.0, 0.0, 0.0, 0.0, 0.0, 0.0, 0.0, 1.0], "bins": [-0.0778311938047409, -0.07486981898546219, -0.07190845161676407, -0.06894707679748535, -0.06598570942878723, -0.06302433460950851, -0.060062963515520096, -0.05710159242153168, -0.05414022132754326, -0.05117885023355484, -0.04821747913956642, -0.045256108045578, -0.042294733226299286, -0.03933336213231087, -0.03637199103832245, -0.03341061994433403, -0.03044924885034561, -0.027487877756357193, -0.024526506662368774, -0.021565133705735207, -0.018603762611746788, -0.01564239151775837, -0.012681019492447376, -0.009719647467136383, -0.0067582763731479645, -0.0037969048134982586, -0.0008355332538485527, 0.002125838305801153, 0.005087209865450859, 0.008048580959439278, 0.01100995298475027, 0.013971325010061264, 0.016932696104049683, 0.0198940671980381, 0.02285543829202652, 0.025816811248660088, 0.028778182342648506, 0.031739555299282074, 0.03470092639327049, 0.03766229748725891, 0.04062366858124733, 0.04358503967523575, 0.04654641076922417, 0.049507781863212585, 0.0524691566824913, 0.05543052777647972, 0.05839189887046814, 0.06135326996445656, 0.06431464105844498, 0.0672760158777237, 0.07023738324642181, 0.07319875806570053, 0.07616012543439865, 0.07912150025367737, 0.08208286762237549, 0.0850442424416542, 0.08800561726093292, 0.09096698462963104, 0.09392835944890976, 0.09688972681760788, 0.0998511016368866, 0.10281246900558472, 0.10577384382486343, 0.10873521119356155, 0.11169658601284027]}, "gradients/fc1.bias": {"_type": "histogram", "values": [1.0, 0.0, 0.0, 1.0, 0.0, 0.0, 2.0, 0.0, 0.0, 0.0, 0.0, 0.0, 0.0, 0.0, 0.0, 0.0, 2.0, 3.0, 2.0, 2.0, 7.0, 5.0, 1.0, 2.0, 3.0, 1.0, 2.0, 0.0, 1.0, 3.0, 209.0, 1.0, 1.0, 0.0, 0.0, 2.0, 0.0, 0.0, 1.0, 0.0, 3.0, 0.0, 0.0, 0.0, 0.0, 0.0, 0.0, 0.0, 0.0, 0.0, 0.0, 0.0, 0.0, 0.0, 0.0, 0.0, 0.0, 0.0, 0.0, 0.0, 0.0, 0.0, 0.0, 1.0], "bins": [-0.006841725669801235, -0.0066154939122498035, -0.006389262154698372, -0.00616303039714694, -0.005936799105256796, -0.005710567347705364, -0.005484335590153933, -0.005258103832602501, -0.005031872075051069, -0.004805640317499638, -0.004579409025609493, -0.004353177268058062, -0.00412694551050663, -0.0039007137529551983, -0.0036744819954037666, -0.0034482504706829786, -0.003222018713131547, -0.0029957869555801153, -0.0027695554308593273, -0.0025433236733078957, -0.002317091915756464, -0.002090860391035676, -0.0018646286334842443, -0.0016383968759328127, -0.0014121652347967029, -0.001185933593660593, -0.0009597018361091614, -0.0007334701949730515, -0.0005072384956292808, -0.00028100679628551006, -5.477512604556978e-05, 0.00017145655874628574, 0.00039768824353814125, 0.000623919942881912, 0.0008501516422256827, 0.0010763832833617926, 0.0013026150409132242, 0.001528846682049334, 0.0017550783231854439, 0.0019813100807368755, 0.002207541838288307, 0.002433773363009095, 0.002660005120560527, 0.0028862368781119585, 0.0031124684028327465, 0.003338700160384178, 0.00356493191793561, 0.003791163442656398, 0.004017394967377186, 0.0042436267249286175, 0.004469858482480049, 0.004696090240031481, 0.0049223219975829124, 0.005148553755134344, 0.005374785512685776, 0.00560101680457592, 0.005827248562127352, 0.006053480319678783, 0.006279712077230215, 0.006505943834781647, 0.006732175592333078, 0.006958406884223223, 0.007184638641774654, 0.007410870399326086, 0.007637102156877518]}, "gradients/fc1.weight": {"_type": "histogram", "values": [1.0, 0.0, 1.0, 2.0, 1.0, 4.0, 20.0, 34.0, 42.0, 48.0, 64.0, 70.0, 89.0, 97.0, 102.0, 126.0, 121.0, 159.0, 217.0, 314.0, 536.0, 722.0, 990.0, 1458.0, 2058.0, 2669.0, 3557.0, 5135.0, 7734.0, 13408.0, 28135.0, 3962816.0, 50941.0, 6701.0, 2765.0, 1567.0, 927.0, 555.0, 426.0, 353.0, 253.0, 113.0, 85.0, 76.0, 49.0, 62.0, 46.0, 47.0, 38.0, 32.0, 22.0, 16.0, 19.0, 13.0, 9.0, 15.0, 32.0, 34.0, 33.0, 21.0, 11.0, 5.0, 1.0, 3.0], "bins": [-0.001253922120667994, -0.001214474905282259, -0.0011750278063118458, -0.0011355805909261107, -0.0010961333755403757, -0.0010566862765699625, -0.0010172390611842275, -0.0009777918457984924, -0.0009383446886204183, -0.0008988975314423442, -0.0008594503160566092, -0.000820003158878535, -0.0007805560017004609, -0.0007411087863147259, -0.0007016616291366518, -0.0006622144137509167, -0.0006227672565728426, -0.0005833200993947685, -0.0005438728840090334, -0.0005044257268309593, -0.00046497854054905474, -0.00042553135426715016, -0.00038608419708907604, -0.00034663701080717146, -0.0003071898245252669, -0.0002677426382433623, -0.00022829546651337296, -0.0001888482947833836, -0.00014940110850147903, -0.00010995392949553207, -7.05067504895851e-05, -3.105957148363814e-05, 8.387491106987e-06, 4.7834670112933964e-05, 8.728184911888093e-05, 0.00012672902084887028, 0.00016617620713077486, 0.00020562339341267943, 0.00024507055059075356, 0.00028451773687265813, 0.0003239649231545627, 0.0003634121094364673, 0.00040285929571837187, 0.000442306452896446, 0.00048175363917835057, 0.0005212008254602551, 0.0005606479826383293, 0.0006000951980240643, 0.0006395423552021384, 0.0006789895123802125, 0.0007184367277659476, 0.0007578838849440217, 0.0007973311003297567, 0.0008367782575078309, 0.000876225414685905, 0.00091567263007164, 0.0009551197872497141, 0.0009945669444277883, 0.0010340141598135233, 0.0010734613751992583, 0.0011129084741696715, 0.0011523556895554066, 0.0011918029049411416, 0.0012312500039115548, 0.0012706972192972898]}, "gradients/conv2.weight": {"_type": "histogram",