{"gradients/fc2.bias": {"_type": "histogram", "values": [1.0, 0.0, 0.0, 0.0, 0.0, 0.0, 0.0, 0.0, 0.0, 0.0, 0.0, 0.0, 0.0, 1.0, 0.0, 0.0, 0.0, 0.0, 0.0, 0.0, 0.0, 0.0, 0.0, 1.0, 0.0, 1.0, 0.0, 0.0, 0.0, 0.0, 0.0, 0.0, 0.0, 0.0, 0.0, 0.0, 0.0, 0.0, 0.0, 0.0, 0.0, 0.0, 0.0, 0.0, 0.0, 0.0, 0.0, 0.0, 0.0, 0.0, 0.0, 0.0, 0.0, 0.0, 0.0, 0.0, 0.0, 0.0, 0.0, 0.0, 0.0, 0.0, 0.0, 1.0], "bins": [-0.03760164976119995, -0.036121293902397156, -0.03464094176888466, -0.03316058963537216, -0.031680233776569366, -0.03019987978041172, -0.028719525784254074, -0.027239171788096428, -0.025758817791938782, -0.024278463795781136, -0.02279810979962349, -0.021317755803465843, -0.019837401807308197, -0.01835704781115055, -0.016876693814992905, -0.015396339818835258, -0.013915985822677612, -0.012435631826519966, -0.01095527783036232, -0.009474923834204674, -0.007994569838047028, -0.006514215841889381, -0.005033861845731735, -0.003553507849574089, -0.002073153853416443, -0.0005927998572587967, 0.0008875541388988495, 0.0023679081350564957, 0.003848262131214142, 0.005328616127371788, 0.006808970123529434, 0.00828932411968708, 0.009769678115844727, 0.011250032112002373, 0.012730386108160019, 0.014210740104317665, 0.01569109410047531, 0.017171448096632957, 0.018651802092790604, 0.02013215608894825, 0.021612510085105896, 0.023092864081263542, 0.02457321807742119, 0.026053572073578835, 0.02753392606973648, 0.029014280065894127, 0.030494634062051773, 0.03197498619556427, 0.033455342054367065, 0.03493569791316986, 0.03641605004668236, 0.037896402180194855, 0.03937675803899765, 0.040857113897800446, 0.04233746603131294, 0.04381781816482544, 0.045298174023628235, 0.04677852988243103, 0.04825888201594353, 0.049739234149456024, 0.05121959000825882, 0.052699945867061615, 0.05418029800057411, 0.05566065013408661, 0.057141005992889404]}, "_timestamp": 1749780791.1091995, "gradients/fc2.weight": {"_type": "histogram", "values": [3.0, 0.0, 1.0, 3.0, 1.0, 2.0, 1.0, 1.0, 0.0, 0.0, 3.0, 1.0, 0.0, 1.0, 3.0, 7.0, 5.0, 4.0, 2.0, 3.0, 2.0, 15.0, 34.0, 38.0, 22.0, 1063.0, 1.0, 0.0, 1.0, 1.0, 19.0, 12.0, 5.0, 1.0, 1.0, 0.0, 0.0, 2.0, 0.0, 1.0, 2.0, 2.0, 0.0, 1.0, 0.0, 0.0, 1.0, 0.0, 3.0, 0.0, 0.0, 0.0, 1.0, 0.0, 1.0, 2.0, 0.0, 1.0, 3.0, 1.0, 0.0, 0.0, 1.0, 2.0], "bins": [-0.26264870166778564, -0.2523755431175232, -0.24210238456726074, -0.2318292260169983, -0.22155606746673584, -0.2112829089164734, -0.20100975036621094, -0.1907365918159485, -0.18046343326568604, -0.17019027471542358, -0.15991711616516113, -0.14964395761489868, -0.13937079906463623, -0.12909764051437378, -0.11882448196411133, -0.10855132341384888, -0.09827816486358643, -0.08800500631332397, -0.07773184776306152, -0.06745868921279907, -0.05718553066253662, -0.04691237211227417, -0.03663921356201172, -0.026366055011749268, -0.016092896461486816, -0.005819737911224365, 0.004453420639038086, 0.014726579189300537, 0.02499973773956299, 0.03527289628982544, 0.04554605484008789, 0.05581921339035034, 0.0660923421382904, 0.07636550068855286, 0.08663865923881531, 0.09691181778907776, 0.10718497633934021, 0.11745813488960266, 0.1277312934398651, 0.13800445199012756, 0.14827761054039001, 0.15855076909065247, 0.16882392764091492, 0.17909708619117737, 0.18937024474143982, 0.19964340329170227, 0.20991656184196472, 0.22018972039222717, 0.23046287894248962, 0.24073603749275208, 0.2510091960430145, 0.261282354593277, 0.27155551314353943, 0.2818286716938019, 0.29210183024406433, 0.3023749887943268, 0.31264814734458923, 0.3229213058948517, 0.33319446444511414, 0.3434676229953766, 0.35374078154563904, 0.3640139400959015, 0.37428709864616394, 0.3845602571964264, 0.39483341574668884]}, "gradients/fc1.bias": {"_type": "histogram", "values": [1.0, 0.0, 1.0, 1.0, 0.0, 1.0, 0.0, 0.0, 2.0, 1.0, 4.0, 1.0, 2.0, 0.0, 2.0, 3.0, 1.0, 2.0, 1.0, 3.0, 4.0, 0.0, 0.0, 1.0, 1.0, 1.0, 0.0, 1.0, 1.0, 1.0, 0.0, 0.0, 0.0, 1.0, 0.0, 1.0, 194.0, 3.0, 2.0, 2.0, 1.0, 3.0, 1.0, 1.0, 1.0, 0.0, 2.0, 2.0, 0.0, 1.0, 1.0, 0.0, 1.0, 1.0, 0.0, 0.0, 1.0, 0.0, 0.0, 0.0, 0.0, 0.0, 0.0, 1.0], "bins": [-0.008935617282986641, -0.008692426607012749, -0.008449235931038857, -0.008206045255064964, -0.007962854579091072, -0.007719664368778467, -0.007476473692804575, -0.007233283016830683, -0.0069900923408567905, -0.006746901664882898, -0.006503710988909006, -0.006260520312935114, -0.006017330102622509, -0.005774139426648617, -0.005530948750674725, -0.005287758074700832, -0.00504456739872694, -0.004801376722753048, -0.004558186046779156, -0.0043149953708052635, -0.004071804694831371, -0.0038286142516881227, -0.003585423808544874, -0.003342233132570982, -0.0030990424565970898, -0.0028558517806231976, -0.0026126611046493053, -0.002369470661506057, -0.0021262799855321646, -0.0018830893095582724, -0.001639898749999702, -0.0013967081904411316, -0.0011535175144672394, -0.0009103268967010081, -0.0006671362789347768, -0.0004239456611685455, -0.00018075504340231419, 6.243557436391711e-05, 0.0003056261921301484, 0.0005488168098963797, 0.000792007427662611, 0.0010351981036365032, 0.0012783886631950736, 0.001521579222753644, 0.0017647698987275362, 0.0020079605747014284, 0.002251151017844677, 0.002494341693818569, 0.0027375323697924614, 0.0029807230457663536, 0.003223913721740246, 0.0034671041648834944, 0.0037102948408573866, 0.003953485284000635, 0.004196675959974527, 0.00443986663594842, 0.004683057311922312, 0.004926247987896204, 0.005169438663870096, 0.005412629339843988, 0.005655819550156593, 0.0058990102261304855, 0.006142200902104378, 0.00638539157807827, 0.006628582254052162]}, "gradients/fc1.weight": {"_type": "histogram", "values": [125.0, 0.0, 5.0, 245.0, 215.0, 160.0, 4.0, 496.0, 187.0, 516.0, 295.0, 729.0, 717.0, 1148.0, 1426.0, 1166.0, 779.0, 1546.0, 1791.0, 2480.0, 1860.0, 2116.0, 2374.0, 1706.0, 1447.0, 2190.0, 1532.0, 647.0, 984.0, 989.0, 896.0, 463.0, 266.0, 790.0, 4001.0, 17249.0, 3999397.0, 25181.0, 2760.0, 2227.0, 1605.0, 1292.0, 998.0, 1724.0, 861.0, 1346.0, 922.0, 816.0, 595.0, 625.0, 361.0, 366.0, 9.0, 500.0, 129.0, 235.0, 136.0, 0.0, 0.0, 0.0, 250.0, 0.0, 0.0, 125.0], "bins": [-0.003545519430190325, -0.0034489792305976152, -0.0033524392638355494, -0.00325589906424284, -0.0031593588646501303, -0.0030628188978880644, -0.002966278698295355, -0.0028697384987026453, -0.0027731982991099358, -0.00267665833234787, -0.0025801181327551603, -0.002483577933162451, -0.002387037966400385, -0.0022904977668076754, -0.002193957567214966, -0.0020974176004529, -0.0020008774008601904, -0.0019043373176828027, -0.0018077971180900931, -0.0017112570349127054, -0.0016147168353199959, -0.0015181767521426082, -0.0014216366689652205, -0.001325096469372511, -0.0012285563861951232, -0.0011320163030177355, -0.001035476103425026, -0.0009389360202476382, -0.0008423958788625896, -0.000745855737477541, -0.0006493156543001533, -0.0005527755129151046, -0.00045623513869941235, -0.0003596949973143637, -0.00026315488503314555, -0.00016661475820001215, -7.007463136687875e-05, 2.646549546625465e-05, 0.00012300562229938805, 0.00021954574913252145, 0.00031608587596565485, 0.0004126260173507035, 0.0005091661587357521, 0.0006057062419131398, 0.0007022463832981884, 0.0007987865246832371, 0.0008953266078606248, 0.0009918668074533343, 0.001088406890630722, 0.0011849469738081098, 0.0012814871734008193, 0.001378027256578207, 0.0014745674561709166, 0.0015711075393483043, 0.001667647622525692, 0.0017641878221184015, 0.0018607279052957892, 0.001957267988473177, 0.0020538081880658865, 0.002150348387658596, 0.002246888354420662, 0.0023434285540133715, 0.002439968753606081, 0.002536508720368147, 0.0026330489199608564]}, "gradients/conv2.weight": {"_type": "histogram",