{"gradients/fc2.bias": {"_type": "histogram", "values": [1.0, 0.0, 0.0, 0.0, 0.0, 0.0, 0.0, 0.0, 0.0, 0.0, 0.0, 0.0, 0.0, 0.0, 0.0, 0.0, 0.0, 0.0, 0.0, 0.0, 0.0, 0.0, 0.0, 0.0, 0.0, 0.0, 0.0, 0.0, 0.0, 0.0, 0.0, 0.0, 0.0, 0.0, 0.0, 0.0, 1.0, 1.0, 0.0, 0.0, 0.0, 0.0, 0.0, 0.0, 0.0, 0.0, 1.0, 0.0, 0.0, 0.0, 0.0, 0.0, 0.0, 0.0, 0.0, 0.0, 0.0, 0.0, 0.0, 0.0, 0.0, 0.0, 0.0, 1.0], "bins": [-0.04306713491678238, -0.04190155491232872, -0.04073597490787506, -0.039570391178131104, -0.038404811173677444, -0.037239231169223785, -0.036073651164770126, -0.03490807116031647, -0.03374248743057251, -0.03257690742611885, -0.03141132742166519, -0.030245747417211533, -0.029080167412757874, -0.027914585545659065, -0.026749005541205406, -0.025583423674106598, -0.02441784366965294, -0.02325226366519928, -0.02208668179810047, -0.020921101793646812, -0.019755519926548004, -0.018589939922094345, -0.017424359917640686, -0.016258778050541878, -0.015093198046088219, -0.013927617110311985, -0.012762036174535751, -0.011596456170082092, -0.010430875234305859, -0.009265294298529625, -0.008099714294075966, -0.006934133358299732, -0.0057685524225234985, -0.004602971486747265, -0.0034373910166323185, -0.0022718103136867285, -0.0011062296107411385, 5.935109220445156e-05, 0.0012249317951500416, 0.0023905124980956316, 0.0035560932010412216, 0.004721674136817455, 0.005887254606932402, 0.007052835077047348, 0.008218416012823582, 0.009383996948599815, 0.010549576953053474, 0.011715157888829708, 0.012880738824605942, 0.014046319760382175, 0.015211900696158409, 0.016377480700612068, 0.017543062567710876, 0.018708642572164536, 0.019874222576618195, 0.021039804443717003, 0.022205384448170662, 0.02337096445262432, 0.02453654631972313, 0.02570212632417679, 0.026867706328630447, 0.028033288195729256, 0.029198868200182915, 0.030364450067281723, 0.03153003007173538]}, "_timestamp": 1749774785.5706747, "gradients/fc2.weight": {"_type": "histogram", "values": [2.0, 1.0, 1.0, 0.0, 1.0, 0.0, 2.0, 1.0, 1.0, 3.0, 0.0, 2.0, 3.0, 0.0, 2.0, 4.0, 1.0, 2.0, 0.0, 0.0, 4.0, 1.0, 4.0, 0.0, 2.0, 2.0, 3.0, 3.0, 1.0, 3.0, 3.0, 4.0, 5.0, 13.0, 23.0, 1016.0, 34.0, 26.0, 17.0, 22.0, 7.0, 8.0, 7.0, 3.0, 6.0, 2.0, 3.0, 3.0, 1.0, 4.0, 1.0, 3.0, 1.0, 3.0, 4.0, 1.0, 2.0, 2.0, 1.0, 2.0, 0.0, 1.0, 0.0, 3.0], "bins": [-0.21541094779968262, -0.2093896120786667, -0.20336827635765076, -0.19734695553779602, -0.1913256198167801, -0.18530428409576416, -0.17928294837474823, -0.1732616126537323, -0.16724029183387756, -0.16121895611286163, -0.1551976203918457, -0.14917628467082977, -0.14315494894981384, -0.1371336132287979, -0.13111229240894318, -0.12509095668792725, -0.11906962096691132, -0.11304828524589539, -0.10702695697546005, -0.10100562125444412, -0.09498429298400879, -0.08896295726299286, -0.08294162154197693, -0.0769202932715416, -0.07089895755052567, -0.06487762182950974, -0.0588562935590744, -0.05283495783805847, -0.04681362584233284, -0.04079229384660721, -0.03477095812559128, -0.028749626129865646, -0.022728294134140015, -0.016706962138414383, -0.010685628280043602, -0.004664295352995396, 0.0013570375740528107, 0.007378370501101017, 0.013399703428149223, 0.019421037286520004, 0.025442369282245636, 0.03146370127797127, 0.0374850332736969, 0.04350636899471283, 0.04952770099043846, 0.05554903298616409, 0.06157036870718002, 0.06759169697761536, 0.07361303269863129, 0.07963436841964722, 0.08565569669008255, 0.09167703241109848, 0.09769836068153381, 0.10371969640254974, 0.10974103212356567, 0.11576236039400101, 0.12178369611501694, 0.12780502438545227, 0.1338263601064682, 0.13984769582748413, 0.14586903154850006, 0.151890367269516, 0.15791168808937073, 0.16393302381038666, 0.1699543595314026]}, "gradients/fc1.bias": {"_type": "histogram", "values": [1.0, 0.0, 0.0, 0.0, 0.0, 0.0, 0.0, 0.0, 0.0, 0.0, 0.0, 0.0, 0.0, 1.0, 0.0, 1.0, 1.0, 0.0, 0.0, 1.0, 0.0, 1.0, 0.0, 0.0, 2.0, 0.0, 0.0, 3.0, 1.0, 1.0, 1.0, 0.0, 2.0, 1.0, 3.0, 3.0, 5.0, 183.0, 5.0, 2.0, 5.0, 3.0, 0.0, 3.0, 3.0, 2.0, 3.0, 3.0, 1.0, 1.0, 0.0, 3.0, 0.0, 1.0, 2.0, 0.0, 1.0, 0.0, 0.0, 1.0, 1.0, 2.0, 2.0, 1.0], "bins": [-0.005209391005337238, -0.005070332437753677, -0.004931273404508829, -0.004792214836925268, -0.004653156269341707, -0.004514097236096859, -0.004375038668513298, -0.004235980100929737, -0.004096921533346176, -0.003957862500101328, -0.003818803932517767, -0.0036797451321035624, -0.0035406863316893578, -0.003401627764105797, -0.003262568963691592, -0.0031235103961080313, -0.0029844515956938267, -0.002845392795279622, -0.002706334227696061, -0.0025672754272818565, -0.0024282168596982956, -0.002289158059284091, -0.0021500992588698864, -0.0020110406912863255, -0.0018719818908721209, -0.001732923206873238, -0.0015938645228743553, -0.0014548057224601507, -0.001315747038461268, -0.0011766883544623852, -0.0010376295540481806, -0.0008985708700492978, -0.0007595126517117023, -0.0006204539677128196, -0.0004813952255062759, -0.00034233651240356266, -0.00020327779930084944, -6.421908619813621e-05, 7.483962690457702e-05, 0.00021389834000729024, 0.00035295705311000347, 0.0004920157371088862, 0.0006310744793154299, 0.0007701332215219736, 0.0009091919055208564, 0.0010482505895197392, 0.0011873093899339437, 0.0013263680739328265, 0.0014654267579317093, 0.001604485441930592, 0.0017435441259294748, 0.0018826029263436794, 0.0020216614939272404, 0.002160720294341445, 0.0022997790947556496, 0.0024388376623392105, 0.002577896462753415, 0.0027169552631676197, 0.0028560138307511806, 0.0029950726311653852, 0.00313413143157959, 0.003273189999163151, 0.0034122487995773554, 0.0035513073671609163, 0.003690366167575121]}, "gradients/fc1.weight": {"_type": "histogram", "values": [26.0, 88.0, 11.0, 0.0, 0.0, 3.0, 20.0, 101.0, 88.0, 36.0, 10.0, 46.0, 89.0, 151.0, 199.0, 49.0, 109.0, 224.0, 479.0, 684.0, 637.0, 473.0, 672.0, 715.0, 843.0, 1382.0, 2249.0, 2770.0, 2509.0, 4030.0, 4071.0, 7440.0, 10818.0, 16852.0, 30600.0, 50852.0, 108285.0, 3331758.0, 250631.0, 112141.0, 53310.0, 29453.0, 16978.0, 10790.0, 9617.0, 6857.0, 5647.0, 3548.0, 4213.0, 3811.0, 2778.0, 1268.0, 772.0, 1171.0, 902.0, 548.0, 462.0, 564.0, 373.0, 148.0, 105.0, 269.0, 219.0, 56.0], "bins": [-0.0008858795627020299, -0.0008623292669653893, -0.0008387790294364095, -0.0008152287336997688, -0.0007916784379631281, -0.0007681281422264874, -0.0007445778464898467, -0.0007210276089608669, -0.0006974773132242262, -0.0006739270174875855, -0.0006503767799586058, -0.0006268264842219651, -0.0006032761884853244, -0.0005797258927486837, -0.000556175597012043, -0.0005326253594830632, -0.0005090750637464225, -0.00048552476800978184, -0.0004619745013769716, -0.00043842423474416137, -0.0004148739390075207, -0.00039132364327088, -0.00036777337663806975, -0.0003442231100052595, -0.0003206728142686188, -0.00029712251853197813, -0.0002735722518991679, -0.00025002198526635766, -0.00022647168952971697, -0.0002029214083449915, -0.00017937112716026604, -0.00015582084597554058, -0.00013227062299847603, -0.00010872034181375057, -8.51700606290251e-05, -6.161977944429964e-05, -3.8069498259574175e-05, -1.4519217074848711e-05, 9.031064109876752e-06, 3.2581345294602215e-05, 5.613162647932768e-05, 7.968190766405314e-05, 0.0001032321888487786, 0.00012678247003350407, 0.00015033275121822953, 0.000173883032402955, 0.00019743331358768046, 0.00022098359477240592, 0.0002445338759571314, 0.0002680841716937721, 0.0002916344383265823, 0.00031518470495939255, 0.00033873500069603324, 0.00036228529643267393, 0.00038583556306548417, 0.0004093858296982944, 0.0004329361254349351, 0.0004564864211715758, 0.000480036687804386, 0.0005035869544371963, 0.000527137250173837, 0.0005506875459104776, 0.0005742377834394574, 0.0005977880791760981, 0.0006213383749127388]}, "gradients/conv2.weight": {"_type": "histogram",