{"gradients/fc2.bias": {"_type": "histogram", "values": [2.0, 0.0, 0.0, 0.0, 0.0, 0.0, 0.0, 0.0, 0.0, 0.0, 0.0, 0.0, 0.0, 0.0, 0.0, 0.0, 0.0, 0.0, 0.0, 0.0, 0.0, 0.0, 0.0, 0.0, 1.0, 0.0, 0.0, 0.0, 0.0, 0.0, 0.0, 1.0, 0.0, 0.0, 0.0, 0.0, 0.0, 0.0, 0.0, 0.0, 0.0, 0.0, 0.0, 0.0, 0.0, 0.0, 0.0, 0.0, 0.0, 0.0, 0.0, 0.0, 0.0, 0.0, 0.0, 0.0, 0.0, 0.0, 0.0, 0.0, 0.0, 0.0, 0.0, 1.0], "bins": [-0.005028888583183289, -0.0048199729062616825, -0.0046110572293400764, -0.004402142018079758, -0.004193226341158152, -0.0039843106642365456, -0.003775395220145583, -0.0035664797760546207, -0.0033575640991330147, -0.0031486484222114086, -0.002939732978120446, -0.002730817534029484, -0.0025219018571078777, -0.0023129861801862717, -0.0021040707360953093, -0.001895155175589025, -0.0016862396150827408, -0.0014773240545764565, -0.0012684084940701723, -0.001059492933563888, -0.0008505773730576038, -0.0006416618125513196, -0.00043274625204503536, -0.00022383069153875113, -1.4915131032466888e-05, 0.00019400042947381735, 0.0004029159899801016, 0.0006118315504863858, 0.0008207471109926701, 0.0010296626714989543, 0.0012385782320052385, 0.0014474937925115228, 0.001656409353017807, 0.0018653249135240912, 0.0020742404740303755, 0.002283155918121338, 0.002492071595042944, 0.00270098727196455, 0.0029099027160555124, 0.003118818160146475, 0.003327733837068081, 0.003536649513989687, 0.0037455649580806494, 0.003954480402171612, 0.004163396079093218, 0.004372311756014824, 0.004581226967275143, 0.004790142644196749, 0.004999058321118355, 0.005207973998039961, 0.005416889674961567, 0.005625804886221886, 0.005834720563143492, 0.006043636240065098, 0.0062525514513254166, 0.006461467128247023, 0.006670382805168629, 0.006879298482090235, 0.007088214159011841, 0.00729712937027216, 0.007506045047193766, 0.007714960724115372, 0.00792387593537569, 0.008132792077958584, 0.008341707289218903]}, "_timestamp": 1749810026.3822515, "gradients/fc2.weight": {"_type": "histogram", "values": [1.0, 0.0, 0.0, 0.0, 0.0, 0.0, 0.0, 0.0, 0.0, 0.0, 1.0, 1.0, 3.0, 1.0, 0.0, 0.0, 1.0, 0.0, 1.0, 0.0, 0.0, 1.0, 2.0, 2.0, 5.0, 1.0, 3.0, 3.0, 7.0, 5.0, 9.0, 9.0, 18.0, 1100.0, 47.0, 13.0, 12.0, 7.0, 4.0, 4.0, 3.0, 3.0, 1.0, 1.0, 1.0, 1.0, 0.0, 1.0, 0.0, 1.0, 0.0, 0.0, 0.0, 0.0, 0.0, 0.0, 0.0, 1.0, 2.0, 1.0, 0.0, 2.0, 0.0, 1.0], "bins": [-0.07565698772668839, -0.07340624928474426, -0.07115551084280014, -0.06890477240085602, -0.0666540339589119, -0.06440329551696777, -0.06215256080031395, -0.05990182235836983, -0.057651083916425705, -0.05540034547448158, -0.05314960703253746, -0.05089886859059334, -0.048648133873939514, -0.04639739543199539, -0.04414665699005127, -0.04189591854810715, -0.039645180106163025, -0.0373944416642189, -0.03514370322227478, -0.03289296478033066, -0.030642228201031685, -0.028391489759087563, -0.02614075317978859, -0.023890014737844467, -0.021639276295900345, -0.019388537853956223, -0.0171377994120121, -0.014887062832713127, -0.012636324390769005, -0.010385585948824883, -0.008134848438203335, -0.0058841104619205, -0.003633372485637665, -0.0013826345093548298, 0.0008681034669280052, 0.0031188414432108402, 0.005369579419493675, 0.00762031739577651, 0.009871055372059345, 0.012121792882680893, 0.014372531324625015, 0.016623269766569138, 0.01887400820851326, 0.021124744787812233, 0.023375483229756355, 0.025626221671700478, 0.02787695825099945, 0.030127696692943573, 0.032378435134887695, 0.03462917357683182, 0.03687991201877594, 0.03913065046072006, 0.041381388902664185, 0.04363212361931801, 0.04588286206126213, 0.04813360050320625, 0.050384338945150375, 0.0526350773870945, 0.05488581582903862, 0.05713655427098274, 0.059387288987636566, 0.06163802742958069, 0.06388876587152481, 0.06613950431346893, 0.06839024275541306]}, "gradients/fc1.bias": {"_type": "histogram", "values": [1.0, 0.0, 0.0, 0.0, 0.0, 1.0, 0.0, 0.0, 0.0, 0.0, 0.0, 0.0, 0.0, 0.0, 0.0, 2.0, 1.0, 0.0, 0.0, 1.0, 1.0, 1.0, 1.0, 1.0, 2.0, 1.0, 0.0, 3.0, 0.0, 1.0, 2.0, 2.0, 0.0, 3.0, 4.0, 2.0, 1.0, 6.0, 4.0, 185.0, 4.0, 2.0, 3.0, 3.0, 1.0, 5.0, 2.0, 0.0, 1.0, 2.0, 1.0, 1.0, 2.0, 0.0, 0.0, 0.0, 1.0, 0.0, 1.0, 0.0, 0.0, 0.0, 0.0, 1.0], "bins": [-0.011873741634190083, -0.011570022441446781, -0.011266302317380905, -0.010962583124637604, -0.010658863931894302, -0.010355143807828426, -0.010051424615085125, -0.009747705422341824, -0.009443985298275948, -0.009140266105532646, -0.008836546912789345, -0.008532827720046043, -0.008229107595980167, -0.007925388403236866, -0.007621668744832277, -0.007317949552088976, -0.007014229893684387, -0.0067105102352797985, -0.006406791042536497, -0.006103071384131908, -0.005799352191388607, -0.005495632532984018, -0.00519191287457943, -0.004888193681836128, -0.0045844740234315395, -0.004280754365026951, -0.0039770351722836494, -0.0036733155138790607, -0.0033695960883051157, -0.0030658766627311707, -0.002762157004326582, -0.002458437578752637, -0.0021547176875174046, -0.0018509982619434595, -0.0015472787199541926, -0.0012435591779649258, -0.0009398397523909807, -0.0006361202686093748, -0.0003324007848277688, -2.8681301046162844e-05, 0.0002750381827354431, 0.0005787576665170491, 0.000882477150298655, 0.001186196692287922, 0.001489916117861867, 0.001793635543435812, 0.0020973552018404007, 0.0024010746274143457, 0.002704794052988291, 0.003008513478562236, 0.003312232904136181, 0.0036159525625407696, 0.003919672220945358, 0.00422339141368866, 0.004527111072093248, 0.00483083026483655, 0.0051345499232411385, 0.005438269581645727, 0.0057419887743890285, 0.006045708432793617, 0.006349427625536919, 0.006653147283941507, 0.006956866942346096, 0.007260586135089397, 0.007564305793493986]}, "gradients/fc1.weight": {"_type": "histogram", "values": [1.0, 0.0, 0.0, 1.0, 1.0, 0.0, 1.0, 1.0, 5.0, 4.0, 4.0, 9.0, 10.0, 12.0, 12.0, 14.0, 21.0, 28.0, 56.0, 45.0, 63.0, 68.0, 125.0, 148.0, 196.0, 293.0, 372.0, 495.0, 758.0, 1144.0, 1716.0, 2563.0, 3832.0, 5863.0, 9304.0, 15413.0, 27563.0, 61057.0, 180998.0, 3641921.0, 77109.0, 30926.0, 14648.0, 7991.0, 4471.0, 2641.0, 1610.0, 956.0, 583.0, 361.0, 220.0, 148.0, 81.0, 48.0, 32.0, 27.0, 15.0, 5.0, 1.0, 7.0, 0.0, 0.0, 0.0, 3.0], "bins": [-0.0033824723213911057, -0.003296193666756153, -0.0032099150121212006, -0.003123636357486248, -0.0030373577028512955, -0.002951079048216343, -0.0028648003935813904, -0.002778521738946438, -0.0026922430843114853, -0.0026059644296765327, -0.00251968577504158, -0.0024334071204066277, -0.002347128465771675, -0.0022608498111367226, -0.00217457115650177, -0.0020882925018668175, -0.002002013847231865, -0.0019157350761815906, -0.001829456421546638, -0.0017431777669116855, -0.001656899112276733, -0.0015706204576417804, -0.0014843418030068278, -0.0013980631483718753, -0.001311784377321601, -0.0012255057226866484, -0.0011392270680516958, -0.0010529484134167433, -0.0009666697587817907, -0.0008803911041468382, -0.0007941124495118856, -0.0007078337948769331, -0.0006215551402419806, -0.000535276485607028, -0.00044899783097207546, -0.00036271914723329246, -0.0002764404925983399, -0.00019016183796338737, -0.0001038831687765196, -1.7604506865609437e-05, 6.867415504530072e-05, 0.00015495280968025327, 0.00024123147886712104, 0.0003275101480539888, 0.00041378880268894136, 0.0005000674864277244, 0.0005863461410626769, 0.0006726247956976295, 0.000758903450332582, 0.0008451821049675345, 0.0009314607596024871, 0.0010177394142374396, 0.0011040180688723922, 0.0011902967235073447, 0.0012765753781422973, 0.0013628540327772498, 0.0014491328038275242, 0.0015354114584624767, 0.0016216901130974293, 0.0017079687677323818, 0.0017942474223673344, 0.001880526077002287, 0.0019668047316372395, 0.002053083386272192, 0.0021393620409071445]}, "gradients/conv2.weight": {"_type": "histogram",